{
    "tfjsVersion": "1.3.1",
    "tmVersion": "0.8.6",
    "packageVersion": "0.8.6",
    "packageName": "@teachablemachine/pose",
    "timeStamp": "2023-03-06T08:38:23.530Z",
    "userMetadata": {},
    "modelName": "my-pose-model",
    "labels": [
        "Sitting",
        "Standing",
        "Climbing",
        "Punching"
    ],
    "modelSettings": {
        "posenet": {
            "architecture": "MobileNetV1",
            "outputStride": 16,
            "inputResolution": 257,
            "multiplier": 0.75
        }
    }
}